societe,email
Trip Safe / TransportTouristique.ma,contact@tripsafe.ma
AtlasRider,info@atlasrider.ma
AtlasRider,commercial@atlasrider.ma
Time Tours Transport,timetoursbooking@gmail.com
Marassasky Tours,contact@marassasky-tours.ma
Marassasky Tours,info@marassasky-tours.ma
Morocco Tours Agency,contact@moroccotoursagency.com
Morocco Live Trips,Moroccolivetrips@gmail.com
Mihanago / Mondo Zen Travel,contact@mihanago.ma
Locabus,contact@locabus.ma
GEO Holidays / GEO Tour,abdel.online@gmail.com
Transkech / OJAD Voyage,contact@transkech.com
Bikbal Transport Touristique,contact@bikbaltransport.com
Myar Transport Touristique,contact@myartrans.ma
City Tours Sahara,ctstransportmarrakech@gmail.com
Zamani Tours,itours1@gmail.com
Zamani Tours,contact@zamanitours.com
